{
  "version": "v1.0",
  "components": {
    "iMac": ["run_all_stack_protocols.sh", "streamlit_launcher.py", "notion_sync_neuroframe.py", "trigger_macmini.py"],
    "Mac Mini": ["vault_sweeper_agent.py", "skywall_dashboard.py"],
    "Monitor": ["log_scroller_display.py", "vault_history_viewer.py", "status_viewer.py"],
    "iPad": ["remote_trigger_companion.py", "ssh_trigger_script.sh"],
    "Utilities": ["screen_registry.json", "screen_validation_check.py", ".env"]
  },
  "simulators": ["display_simulator.py"]
}