{
    "iMac": {
        "type": "Main Terminal",
        "scripts": ["run_all_stack_protocols.sh", "streamlit_launcher.py"]
    },
    "Vertical Monitor": {
        "type": "Display Monitor",
        "scripts": ["log_scroller_display.py", "status_viewer.py"]
    },
    "Mac Mini": {
        "type": "Autonomous Node",
        "scripts": ["vault_sweeper_agent.py", "skywall_dashboard.py"]
    },
    "iPad": {
        "type": "Mobile Companion",
        "scripts": ["remote_trigger_companion.py", "ssh_trigger_script.sh"]
    }
}